{
    "accuracy": 0.9149236192714454,
    "f1_score": 0.9133242655846233,
    "train_time": 8.50496768951416,
    "report": {
        "ENFJ": {
            "precision": 0.9624060150375939,
            "recall": 1.0,
            "f1-score": 0.9808429118773946,
            "support": 256.0
        },
        "ENFP": {
            "precision": 0.8539325842696629,
            "recall": 0.890625,
            "f1-score": 0.8718929254302104,
            "support": 256.0
        },
        "ENTJ": {
            "precision": 0.9550561797752809,
            "recall": 0.99609375,
            "f1-score": 0.9751434034416826,
            "support": 256.0
        },
        "ENTP": {
            "precision": 0.8482490272373541,
            "recall": 0.8482490272373541,
            "f1-score": 0.8482490272373541,
            "support": 257.0
        },
        "ESFJ": {
            "precision": 1.0,
            "recall": 1.0,
            "f1-score": 1.0,
            "support": 257.0
        },
        "ESFP": {
            "precision": 1.0,
            "recall": 1.0,
            "f1-score": 1.0,
            "support": 256.0
        },
        "ESTJ": {
            "precision": 1.0,
            "recall": 1.0,
            "f1-score": 1.0,
            "support": 257.0
        },
        "ESTP": {
            "precision": 0.9846743295019157,
            "recall": 1.0,
            "f1-score": 0.9922779922779923,
            "support": 257.0
        },
        "INFJ": {
            "precision": 0.7870036101083032,
            "recall": 0.7414965986394558,
            "f1-score": 0.7635726795096323,
            "support": 294.0
        },
        "INFP": {
            "precision": 0.7955182072829131,
            "recall": 0.773841961852861,
            "f1-score": 0.7845303867403315,
            "support": 367.0
        },
        "INTJ": {
            "precision": 0.8111587982832618,
            "recall": 0.73828125,
            "f1-score": 0.7730061349693251,
            "support": 256.0
        },
        "INTP": {
            "precision": 0.8117154811715481,
            "recall": 0.7432950191570882,
            "f1-score": 0.776,
            "support": 261.0
        },
        "ISFJ": {
            "precision": 0.9696969696969697,
            "recall": 1.0,
            "f1-score": 0.9846153846153847,
            "support": 256.0
        },
        "ISFP": {
            "precision": 0.9771863117870723,
            "recall": 1.0,
            "f1-score": 0.9884615384615385,
            "support": 257.0
        },
        "ISTJ": {
            "precision": 0.9770992366412213,
            "recall": 1.0,
            "f1-score": 0.9884169884169884,
            "support": 256.0
        },
        "ISTP": {
            "precision": 0.9375,
            "recall": 0.99609375,
            "f1-score": 0.9659090909090909,
            "support": 256.0
        },
        "accuracy": 0.9149236192714454,
        "macro avg": {
            "precision": 0.9169497969245686,
            "recall": 0.9204985223054225,
            "f1-score": 0.9183074039929329,
            "support": 4255.0
        },
        "weighted avg": {
            "precision": 0.9125508139764831,
            "recall": 0.9149236192714454,
            "f1-score": 0.9133242655846233,
            "support": 4255.0
        }
    },
    "analysis": {
        "confusion_matrix": [
            [
                256,
                0,
                0,
                0,
                0,
                0,
                0,
                0,
                0,
                0,
                0,
                0,
                0,
                0,
                0,
                0
            ],
            [
                1,
                228,
                0,
                3,
                0,
                0,
                0,
                2,
                4,
                11,
                4,
                1,
                0,
                0,
                0,
                2
            ],
            [
                0,
                0,
                255,
                0,
                0,
                0,
                0,
                0,
                0,
                0,
                0,
                0,
                0,
                0,
                0,
                1
            ],
            [
                0,
                10,
                0,
                218,
                0,
                0,
                0,
                0,
                12,
                3,
                3,
                5,
                3,
                0,
                2,
                1
            ],
            [
                0,
                0,
                0,
                0,
                257,
                0,
                0,
                0,
                0,
                0,
                0,
                0,
                0,
                0,
                0,
                0
            ],
            [
                0,
                0,
                0,
                0,
                0,
                256,
                0,
                0,
                0,
                0,
                0,
                0,
                0,
                0,
                0,
                0
            ],
            [
                0,
                0,
                0,
                0,
                0,
                0,
                257,
                0,
                0,
                0,
                0,
                0,
                0,
                0,
                0,
                0
            ],
            [
                0,
                0,
                0,
                0,
                0,
                0,
                0,
                257,
                0,
                0,
                0,
                0,
                0,
                0,
                0,
                0
            ],
            [
                4,
                8,
                3,
                8,
                0,
                0,
                0,
                0,
                218,
                29,
                13,
                6,
                1,
                1,
                1,
                2
            ],
            [
                2,
                9,
                3,
                8,
                0,
                0,
                0,
                1,
                27,
                284,
                9,
                15,
                1,
                5,
                1,
                2
            ],
            [
                1,
                9,
                4,
                7,
                0,
                0,
                0,
                0,
                10,
                12,
                189,
                18,
                0,
                0,
                2,
                4
            ],
            [
                2,
                3,
                2,
                13,
                0,
                0,
                0,
                1,
                6,
                18,
                15,
                194,
                2,
                0,
                0,
                5
            ],
            [
                0,
                0,
                0,
                0,
                0,
                0,
                0,
                0,
                0,
                0,
                0,
                0,
                256,
                0,
                0,
                0
            ],
            [
                0,
                0,
                0,
                0,
                0,
                0,
                0,
                0,
                0,
                0,
                0,
                0,
                0,
